STM32_DATETIME,Accelerometer z-axis/ms^-2
2023-08-07 10:53:47.587204,2.4610790540074174
2023-08-07 10:53:47.618174,2.4611118651761847
2023-08-07 10:53:47.649206,2.4611739720313515
2023-08-07 10:53:47.680231,2.4610802258348734
2023-08-07 10:53:47.711201,2.4612313915766943
2023-08-07 10:53:47.742202,2.4611212397958324
2023-08-07 10:53:47.773200,2.4611142088310967
2023-08-07 10:53:47.804200,2.4611376453802163
2023-08-07 10:53:47.835207,2.461117724313465
2023-08-07 10:53:47.866199,2.461143504517496
2023-08-07 10:53:47.897215,2.4611739720313515
2023-08-07 10:53:47.928199,2.461117724313465
2023-08-07 10:53:47.959199,2.4611692847215276
2023-08-07 10:53:47.990197,2.4610228062895305
2023-08-07 10:53:48.021198,2.4614657570678897
2023-08-07 10:53:48.052197,2.461387244628339
2023-08-07 10:53:48.083199,2.4605599344444196
2023-08-07 10:53:48.114125,2.4612419380237984
2023-08-07 10:53:48.145191,2.461271233710198
2023-08-07 10:53:48.176196,2.4611317862429365
2023-08-07 10:53:48.207193,2.4616368438764624
2023-08-07 10:53:48.238196,2.4612454535061663
2023-08-07 10:53:48.269193,2.4605271232756523
2023-08-07 10:53:48.300192,2.4607767225237756
2023-08-07 10:53:48.331137,2.4615372385427046
2023-08-07 10:53:48.362167,2.4606337595741463
2023-08-07 10:53:48.393192,2.4606079793701148
2023-08-07 10:53:48.424190,2.461345058839924
2023-08-07 10:53:48.455189,2.4610263217718984
2023-08-07 10:53:48.486190,2.4608118773474543
2023-08-07 10:53:48.517206,2.4610403837013703
2023-08-07 10:53:48.548193,2.46136380807922
2023-08-07 10:53:48.579190,2.4604802501774135
2023-08-07 10:53:48.610186,2.4612278760943265
2023-08-07 10:53:48.641193,2.461476303514994
2023-08-07 10:53:48.672191,2.4609806205011155
2023-08-07 10:53:48.703187,2.4609091390263007
2023-08-07 10:53:48.734188,2.461452866965874
2023-08-07 10:53:48.765185,2.461355605287028
2023-08-07 10:53:48.796185,2.4609618712618198
2023-08-07 10:53:48.827193,2.461445836001138
2023-08-07 10:53:48.858184,2.461217329647223
2023-08-07 10:53:48.889184,2.461109521521273
2023-08-07 10:53:48.920184,2.4610743666975936
2023-08-07 10:53:48.951184,2.461266546400374
2023-08-07 10:53:48.982183,2.461066163905402
2023-08-07 10:53:49.013182,2.4611317862429365
2023-08-07 10:53:49.044183,2.4611880339608234
2023-08-07 10:53:49.075181,2.461176315686264
2023-08-07 10:53:49.106183,2.4611282707605686
2023-08-07 10:53:49.137185,2.4612290479217824
2023-08-07 10:53:49.168188,2.4611634255842474
2023-08-07 10:53:49.199179,2.4611517073096882
2023-08-07 10:53:49.230186,2.4612056113726632
2023-08-07 10:53:49.261183,2.4609314037479644
2023-08-07 10:53:49.292208,2.4611880339608234
2023-08-07 10:53:49.323202,2.4612431098512544
2023-08-07 10:53:49.354199,2.4614751316875374
2023-08-07 10:53:49.385191,2.4608798433399013
2023-08-07 10:53:49.416176,2.461407165695091
2023-08-07 10:53:49.447182,2.460991166948219
2023-08-07 10:53:49.478175,2.46114233269004
2023-08-07 10:53:49.509183,2.461266546400374
2023-08-07 10:53:49.540177,2.461203267717751
2023-08-07 10:53:49.571137,2.4614399768638586
2023-08-07 10:53:49.602193,2.461214985992311
2023-08-07 10:53:49.633172,2.461313419498613
2023-08-07 10:53:49.664173,2.4608774996849894
2023-08-07 10:53:49.695188,2.461407165695091
2023-08-07 10:53:49.726203,2.4613544334595723
2023-08-07 10:53:49.757172,2.4612313915766943
2023-08-07 10:53:49.788176,2.4611528791371438
2023-08-07 10:53:49.819175,2.4613286532555403
2023-08-07 10:53:49.850169,2.4613321687379086
2023-08-07 10:53:49.881195,2.4611669410666157
2023-08-07 10:53:49.912169,2.4611833466509996
2023-08-07 10:53:49.943169,2.4611716283764395
2023-08-07 10:53:49.974168,2.4612325634041503
2023-08-07 10:53:50.005171,2.4612431098512544
2023-08-07 10:53:50.036170,2.4610567892857538
2023-08-07 10:53:50.067168,2.460994682430587
2023-08-07 10:53:50.098172,2.461291154776949
2023-08-07 10:53:50.129175,2.46114233269004
2023-08-07 10:53:50.160171,2.461054445630842
2023-08-07 10:53:50.191166,2.4609782768462036
2023-08-07 10:53:50.222161,2.4613427151850122
2023-08-07 10:53:50.253179,2.461193893098103
2023-08-07 10:53:50.284166,2.46114819182732
2023-08-07 10:53:50.315180,2.461240766196342
2023-08-07 10:53:50.346164,2.4612782646749336
2023-08-07 10:53:50.377164,2.4611317862429365
2023-08-07 10:53:50.408163,2.46114819182732
2023-08-07 10:53:50.439161,2.460999369740411
2023-08-07 10:53:50.470173,2.461013431669883
2023-08-07 10:53:50.501186,2.46125014081599
2023-08-07 10:53:50.532151,2.461192721270647
2023-08-07 10:53:50.563185,2.461005228877691
2023-08-07 10:53:50.594162,2.461257171780726
2023-08-07 10:53:50.625177,2.4614505233109623
2023-08-07 10:53:50.656162,2.4612888111220372
2023-08-07 10:53:50.687158,2.4609583557794514
2023-08-07 10:53:50.718196,2.4614141966598266
2023-08-07 10:53:50.749166,2.4611247552782007
2023-08-07 10:53:50.780154,2.4609817923285715
2023-08-07 10:53:50.811160,2.4610462428386497
2023-08-07 10:53:50.842160,2.4610954595918013
2023-08-07 10:53:50.873163,2.4610720230426817
2023-08-07 10:53:50.904155,2.461014603497339
2023-08-07 10:53:50.935156,2.4612466253336223
2023-08-07 10:53:50.966158,2.461109521521273
2023-08-07 10:53:50.997154,2.461164597411704
2023-08-07 10:53:51.028154,2.461218501474679
2023-08-07 10:53:51.059154,2.4612372507139746
2023-08-07 10:53:51.090156,2.461157566446968
2023-08-07 10:53:51.121151,2.4612372507139746
2023-08-07 10:53:51.152154,2.4613192786358926
2023-08-07 10:53:51.183151,2.46123842254143
2023-08-07 10:53:51.214167,2.4611810029960877
2023-08-07 10:53:51.245155,2.4610931159368894
2023-08-07 10:53:51.276154,2.4612888111220372
2023-08-07 10:53:51.307148,2.461280608329845
2023-08-07 10:53:51.338152,2.4612278760943265
2023-08-07 10:53:51.369148,2.461252484470902
2023-08-07 10:53:51.400147,2.4608388293789423
2023-08-07 10:53:51.431154,2.4610720230426817
2023-08-07 10:53:51.462147,2.4611692847215276
2023-08-07 10:53:51.493171,2.461213814164855
2023-08-07 10:53:51.524173,2.4610310090817222
2023-08-07 10:53:51.555192,2.4611786593411757
2023-08-07 10:53:51.586147,2.461075538525049
2023-08-07 10:53:51.617109,2.4607286775980803
2023-08-07 10:53:51.648145,2.4611212397958324
2023-08-07 10:53:51.679143,2.4610931159368894
2023-08-07 10:53:51.710120,2.4610708512152257
2023-08-07 10:53:51.741144,2.460861094100606
2023-08-07 10:53:51.772145,2.4612513126434457
2023-08-07 10:53:51.803147,2.4610192908071626
2023-08-07 10:53:51.834118,2.460998197912955
2023-08-07 10:53:51.865143,2.4609103108537567
2023-08-07 10:53:51.896138,2.4612841238122134
2023-08-07 10:53:51.927113,2.4611282707605686
2023-08-07 10:53:51.958139,2.4610169471522503
2023-08-07 10:53:51.989138,2.4610427273562823
2023-08-07 10:53:52.020140,2.4611880339608234
2023-08-07 10:53:52.051141,2.4610884286270656
2023-08-07 10:53:52.082138,2.461122411623289
2023-08-07 10:53:52.113138,2.46125014081599
2023-08-07 10:53:52.144138,2.4610403837013703
2023-08-07 10:53:52.175160,2.4610790540074174
2023-08-07 10:53:52.206163,2.460940778367612
2023-08-07 10:53:52.237159,2.461098975074169
2023-08-07 10:53:52.268158,2.4609220291283167
2023-08-07 10:53:52.299157,2.461117724313465
2023-08-07 10:53:52.330147,2.4610040570502347
2023-08-07 10:53:52.361147,2.4612278760943265
2023-08-07 10:53:52.392134,2.4608200801396465
2023-08-07 10:53:52.423131,2.461236078886518
2023-08-07 10:53:52.454132,2.4610192908071626
2023-08-07 10:53:52.485133,2.460939606540156
2023-08-07 10:53:52.516130,2.461033352736634
2023-08-07 10:53:52.547132,2.4612677182278295
2023-08-07 10:53:52.578125,2.4611669410666157
2023-08-07 10:53:52.609100,2.4613415433575563
2023-08-07 10:53:52.640136,2.4616696550452297
2023-08-07 10:53:52.671138,2.462382126138464
2023-08-07 10:53:52.702104,2.463338337342541
2023-08-07 10:53:52.733134,2.4602189326547306
2023-08-07 10:53:52.764128,2.4631543604319526
2023-08-07 10:53:52.795082,2.4658636255101714
2023-08-07 10:53:52.826129,2.4719758775205465
2023-08-07 10:53:52.857125,2.4784713171090265
2023-08-07 10:53:52.888126,2.484235536364977
2023-08-07 10:53:52.919130,2.484679658970792
2023-08-07 10:53:52.950129,2.484141790168499
2023-08-07 10:53:52.981126,2.480789191816949
2023-08-07 10:53:53.012123,2.479858760816903
2023-08-07 10:53:53.043124,2.478868566616603
2023-08-07 10:53:53.074133,2.4764838977436896
2023-08-07 10:53:53.105124,2.4784572551795545
2023-08-07 10:53:53.136126,2.4761827380875037
2023-08-07 10:53:53.167122,2.472573509523095
2023-08-07 10:53:53.198122,2.4692502068579443
2023-08-07 10:53:53.229119,2.4624149373072313
2023-08-07 10:53:53.260120,2.4542273788723206
2023-08-07 10:53:53.291146,2.448725648966509
2023-08-07 10:53:53.322147,2.441155643600898
2023-08-07 10:53:53.353146,2.4316099371445103
2023-08-07 10:53:53.384096,2.4252808970547792
2023-08-07 10:53:53.415125,2.424567254134089
2023-08-07 10:53:53.446117,2.4306021655323704
2023-08-07 10:53:53.477088,2.4415997662067137
2023-08-07 10:53:53.508086,2.4483436332158606
2023-08-07 10:53:53.539087,2.4613520898046604
2023-08-07 10:53:53.570052,2.469717766012879
2023-08-07 10:53:53.601098,2.479460339481871
2023-08-07 10:53:53.632086,2.483755087108026
2023-08-07 10:53:53.663091,2.4828937939278837
2023-08-07 10:53:53.694084,2.469516211690451
2023-08-07 10:53:53.725088,2.4587131343738
2023-08-07 10:53:53.756056,2.4545601778698183
2023-08-07 10:53:53.787082,2.4458687336288376
2023-08-07 10:53:53.818090,2.4463163717170207
2023-08-07 10:53:53.849084,2.4524157336253802
2023-08-07 10:53:53.880083,2.455112108601583
2023-08-07 10:53:53.911114,2.4657558173842213
2023-08-07 10:53:53.942084,2.476142895954
2023-08-07 10:53:53.973108,2.4768541952197785
2023-08-07 10:53:54.004111,2.475437455825502
2023-08-07 10:53:54.035121,2.4790900420057826
2023-08-07 10:53:54.066113,2.475923764219733
2023-08-07 10:53:54.097110,2.4748374801680426
2023-08-07 10:53:54.128110,2.4743441408090763
2023-08-07 10:53:54.159107,2.473918767442556
2023-08-07 10:53:54.190110,2.4707524896565065
2023-08-07 10:53:54.221107,2.4720122041716817
2023-08-07 10:53:54.252104,2.4745679598531676
2023-08-07 10:53:54.283109,2.4764838977436896
2023-08-07 10:53:54.314060,2.469435355595989
2023-08-07 10:53:54.345127,2.4665585191915653
2023-08-07 10:53:54.376108,2.4655472320970575
2023-08-07 10:53:54.407103,2.463234044698959
2023-08-07 10:53:54.438102,2.4635164551158493
2023-08-07 10:53:54.469104,2.459995113610639
2023-08-07 10:53:54.500101,2.4497521698179447
2023-08-07 10:53:54.531072,2.4349109750879974
2023-08-07 10:53:54.562105,2.416112519039216
2023-08-07 10:53:54.593104,2.409903005349994
2023-08-07 10:53:54.624073,2.4321677270135553
2023-08-07 10:53:54.655072,2.438275291714107
2023-08-07 10:53:54.686073,2.436188267015012
2023-08-07 10:53:54.717068,2.435796876644716
2023-08-07 10:53:54.748069,2.444163724680391
2023-08-07 10:53:54.779072,2.4435192195796036
2023-08-07 10:53:54.810068,2.444095758687944
2023-08-07 10:53:54.841069,2.4430598632168605
2023-08-07 10:53:54.872074,2.441638436512761
2023-08-07 10:53:54.903067,2.4431489221035148
2023-08-07 10:53:54.934073,2.4451468879159557
2023-08-07 10:53:54.965067,2.445789049361831
2023-08-07 10:53:54.996041,2.4493807005144
2023-08-07 10:53:55.027072,2.448504173577329
2023-08-07 10:53:55.058066,2.4507997835635877
2023-08-07 10:53:55.089081,2.4530039910082806
2023-08-07 10:53:55.120046,2.44360476298389
2023-08-07 10:53:55.151079,2.4405380905315983
2023-08-07 10:53:55.182069,2.4426169124385018
2023-08-07 10:53:55.213065,2.4509450901681293
2023-08-07 10:53:55.244070,2.4596119260325344
2023-08-07 10:53:55.275074,2.47565658755977
2023-08-07 10:53:55.306078,2.4870432349494975
2023-08-07 10:53:55.337075,2.503808570362159
2023-08-07 10:53:55.373114,2.506035042528515
2023-08-07 10:53:55.409110,2.4993169557234
2023-08-07 10:53:55.440069,2.4902575576612422
2023-08-07 10:53:55.471057,2.4754714388217254
2023-08-07 10:53:55.502059,2.471249344497841
2023-08-07 10:53:55.533062,2.463838707666243
2023-08-07 10:53:55.564060,2.4573456117326753
2023-08-07 10:53:55.595079,2.454496899187195
2023-08-07 10:53:55.626062,2.454097306024707
2023-08-07 10:53:55.657058,2.4555398256230148
2023-08-07 10:53:55.688058,2.456909691919052
2023-08-07 10:53:55.719030,2.4532571057387718
2023-08-07 10:53:55.750059,2.452159103412521
2023-08-07 10:53:55.781055,2.458772897574055
2023-08-07 10:53:55.812065,2.462678598484826
2023-08-07 10:53:55.843054,2.4629727271762762
2023-08-07 10:53:55.874054,2.4655273110303058
2023-08-07 10:53:55.905058,2.47202743792861
2023-08-07 10:53:55.936054,2.479875166401287
2023-08-07 10:53:55.967054,2.4817161073346266
2023-08-07 10:53:55.998053,2.4836004058838372
2023-08-07 10:53:56.029112,2.4836578254291806
2023-08-07 10:53:56.060084,2.4754198784136627
2023-08-07 10:53:56.091083,2.471535270397099
2023-08-07 10:53:56.122108,2.4663675113162413
2023-08-07 10:53:56.153080,2.4612325634041503
2023-08-07 10:53:56.184083,2.4545601778698183
2023-08-07 10:53:56.215081,2.4513669480522813
2023-08-07 10:53:56.246076,2.446019899370658
2023-08-07 10:53:56.277123,2.442702455842788
2023-08-07 10:53:56.308100,2.444068806656457
2023-08-07 10:53:56.339062,2.4470499357044617
2023-08-07 10:53:56.370059,2.474973412152935
2023-08-07 10:53:56.401072,2.4875084504495204
2023-08-07 10:53:56.432076,2.474107431662969
2023-08-07 10:53:56.463074,2.4711391927169792
2023-08-07 10:53:56.494097,2.464574615308597
2023-08-07 10:53:56.525084,2.4652929455391104
2023-08-07 10:53:56.556087,2.4611470199998644
2023-08-07 10:53:56.587075,2.461979017493608
2023-08-07 10:53:56.618070,2.4614282585892986
2023-08-07 10:53:56.649073,2.4618419136812584
2023-08-07 10:53:56.680073,2.461048586493562
2023-08-07 10:53:56.711070,2.4609232009557727
2023-08-07 10:53:56.742045,2.4608153928298226
2023-08-07 10:53:56.773083,2.4606525088134417
2023-08-07 10:53:56.804055,2.4607814098335994
2023-08-07 10:53:56.835004,2.460999369740411
2023-08-07 10:53:56.866091,2.4607392240451844
2023-08-07 10:53:56.897066,2.4608317984142065
2023-08-07 10:53:56.928070,2.4610696793877698
2023-08-07 10:53:56.959065,2.461035696391546
2023-08-07 10:53:56.990105,2.4607415677000963
2023-08-07 10:53:57.021090,2.461061476595578
2023-08-07 10:53:57.052088,2.4611657692391598
2023-08-07 10:53:57.083087,2.4608997644066526
2023-08-07 10:53:57.114087,2.460905623543933
2023-08-07 10:53:57.145092,2.460905623543933
2023-08-07 10:53:57.176064,2.460794299935615
2023-08-07 10:53:57.207063,2.460889217959549
2023-08-07 10:53:57.238062,2.4609630430892757
2023-08-07 10:53:57.269068,2.4608763278575334
2023-08-07 10:53:57.300061,2.46095015298726
2023-08-07 10:53:57.331015,2.460945465677436
2023-08-07 10:53:57.362034,2.4607216466333446
2023-08-07 10:53:57.393033,2.4608341420691184
2023-08-07 10:53:57.424034,2.460862265928062
2023-08-07 10:53:57.455030,2.4608716405477096
2023-08-07 10:53:57.486035,2.4608763278575334
2023-08-07 10:53:57.517033,2.4608388293789423
2023-08-07 10:53:57.548030,2.460954840297084
2023-08-07 10:53:57.578988,2.460828282931838
2023-08-07 10:53:57.610040,2.4610239781169865
2023-08-07 10:53:57.641028,2.4609091390263007
2023-08-07 10:53:57.672030,2.461050930148474
2023-08-07 10:53:57.703027,2.4608810151673572
2023-08-07 10:53:57.734026,2.4609782768462036
2023-08-07 10:53:57.765027,2.460864609582974
2023-08-07 10:53:57.796026,2.4608669532378857
2023-08-07 10:53:57.827030,2.460929060093052
2023-08-07 10:53:57.858026,2.460904451716477
2023-08-07 10:53:57.889024,2.460951324814716
2023-08-07 10:53:57.920028,2.4609618712618198
2023-08-07 10:53:57.951025,2.4608317984142065
2023-08-07 10:53:57.982024,2.4609782768462036
2023-08-07 10:53:58.013030,2.4609618712618198
2023-08-07 10:53:58.044022,2.460936091057788
2023-08-07 10:53:58.075045,2.461005228877691
2023-08-07 10:53:58.106037,2.461217329647223
2023-08-07 10:53:58.137037,2.461061476595578
2023-08-07 10:53:58.168032,2.4610239781169865
2023-08-07 10:53:58.199020,2.4608903897870054
2023-08-07 10:53:58.230019,2.4610181189797067
2023-08-07 10:53:58.261023,2.460957183951996
2023-08-07 10:53:58.292026,2.4609782768462036
2023-08-07 10:53:58.322987,2.4609243727832286
2023-08-07 10:53:58.354017,2.460898592579197
2023-08-07 10:53:58.385019,2.460889217959549
2023-08-07 10:53:58.416017,2.4609091390263007
2023-08-07 10:53:58.447018,2.460900936234109
2023-08-07 10:53:58.478017,2.460960699434364
2023-08-07 10:53:58.509016,2.460991166948219
2023-08-07 10:53:58.540015,2.4608903897870054
2023-08-07 10:53:58.571017,2.4609677303990996
2023-08-07 10:53:58.602014,2.460998197912955
2023-08-07 10:53:58.633019,2.460960699434364
2023-08-07 10:53:58.664013,2.46097358953638
2023-08-07 10:53:58.695028,2.461050930148474
2023-08-07 10:53:58.726028,2.4610567892857538
2023-08-07 10:53:58.757070,2.4607989872454388
2023-08-07 10:53:58.788044,2.4609653867441876
2023-08-07 10:53:58.819041,2.460803674555263
2023-08-07 10:53:58.850010,2.461007572532603
2023-08-07 10:53:58.881037,2.4607532859746555
2023-08-07 10:53:58.912046,2.4610427273562823
2023-08-07 10:53:58.943038,2.460919685473405
2023-08-07 10:53:58.974038,2.4609665585716436
2023-08-07 10:53:59.005036,2.460904451716477
2023-08-07 10:53:59.036035,2.461059132940666
2023-08-07 10:53:59.067040,2.460856406790782
2023-08-07 10:53:59.098035,2.4608575786182376
2023-08-07 10:53:59.129064,2.4608224237945584
2023-08-07 10:53:59.160035,2.4608857024771815
2023-08-07 10:53:59.191036,2.460808361865087
2023-08-07 10:53:59.222037,2.460862265928062
2023-08-07 10:53:59.253039,2.4609314037479644
2023-08-07 10:53:59.284059,2.4609267164381405
2023-08-07 10:53:59.315063,2.460789612625791
2023-08-07 10:53:59.346059,2.460800159072895
2023-08-07 10:53:59.377030,2.4607087565313286
2023-08-07 10:53:59.408035,2.46084234486131
2023-08-07 10:53:59.439030,2.4608575786182376
2023-08-07 10:53:59.470043,2.4608657814104298
2023-08-07 10:53:59.501054,2.4608798433399013
2023-08-07 10:53:59.532014,2.4609138263361245
2023-08-07 10:53:59.563084,2.4607767225237756
2023-08-07 10:53:59.594028,2.4607193029784327
2023-08-07 10:53:59.625044,2.4606888354645773
2023-08-07 10:53:59.656027,2.4607814098335994
2023-08-07 10:53:59.687034,2.4606888354645773
2023-08-07 10:53:59.718001,2.4607837534885113
2023-08-07 10:53:59.749043,2.46084820399859
2023-08-07 10:53:59.780027,2.4607392240451844
2023-08-07 10:53:59.811025,2.4608189083121905
2023-08-07 10:53:59.842057,2.4609466375048923
2023-08-07 10:53:59.873031,2.4609091390263007
2023-08-07 10:53:59.904047,2.460864609582974
2023-08-07 10:53:59.935048,2.4609665585716436
2023-08-07 10:53:59.966051,2.460647821503618
2023-08-07 10:53:59.997046,2.460852891308414
2023-08-07 10:54:00.028050,2.4608247674494708
2023-08-07 10:54:00.059045,2.4610192908071626
2023-08-07 10:54:00.090022,2.460912654508669
2023-08-07 10:54:00.121022,2.461067335732858
2023-08-07 10:54:00.151961,2.460898592579197
2023-08-07 10:54:00.183020,2.4610837413172413
2023-08-07 10:54:00.214034,2.4607216466333446
2023-08-07 10:54:00.245019,2.4609794486736596
2023-08-07 10:54:00.276020,2.460919685473405
2023-08-07 10:54:00.307019,2.461014603497339
2023-08-07 10:54:00.338031,2.460951324814716
2023-08-07 10:54:00.369042,2.460766176076672
2023-08-07 10:54:00.400023,2.461007572532603
2023-08-07 10:54:00.431015,2.4610837413172413
2023-08-07 10:54:00.461986,2.460954840297084
2023-08-07 10:54:00.493037,2.4608552349633257
2023-08-07 10:54:00.524037,2.460884530649725
2023-08-07 10:54:00.554987,2.460802502727807
2023-08-07 10:54:00.585987,2.4608552349633257
2023-08-07 10:54:00.616987,2.460788440798335
2023-08-07 10:54:00.647993,2.4608013309003507
2023-08-07 10:54:00.679000,2.461059132940666
2023-08-07 10:54:00.710001,2.4610181189797067
2023-08-07 10:54:00.741018,2.461002885222779
2023-08-07 10:54:00.771997,2.4609220291283167
2023-08-07 10:54:00.802998,2.4607989872454388
2023-08-07 10:54:00.833994,2.460862265928062
2023-08-07 10:54:00.865014,2.4609138263361245
2023-08-07 10:54:00.895986,2.4609220291283167
2023-08-07 10:54:00.926979,2.4608763278575334
2023-08-07 10:54:00.957981,2.460971245881468
2023-08-07 10:54:00.988982,2.461008744360059
2023-08-07 10:54:01.019979,2.460896248924285
2023-08-07 10:54:01.050981,2.4608388293789423
2023-08-07 10:54:01.081993,2.4607989872454388
2023-08-07 10:54:01.112997,2.4609267164381405
2023-08-07 10:54:01.143995,2.4609314037479644
2023-08-07 10:54:01.174993,2.4608739842026215
2023-08-07 10:54:01.205992,2.4606864918096654
2023-08-07 10:54:01.236991,2.4609325755754203
2023-08-07 10:54:01.267991,2.4609841359834834
2023-08-07 10:54:01.298990,2.4609138263361245
2023-08-07 10:54:01.329989,2.460903279889021
2023-08-07 10:54:01.360992,2.4610181189797067
2023-08-07 10:54:01.392008,2.461013431669883
2023-08-07 10:54:01.422975,2.4609185136459484
2023-08-07 10:54:01.454000,2.4608130491749107
2023-08-07 10:54:01.485000,2.4609653867441876
2023-08-07 10:54:01.516000,2.4611235834507443
2023-08-07 10:54:01.546997,2.462274318012514
2023-08-07 10:54:01.577985,2.46460859830482
2023-08-07 10:54:01.609008,2.468365477128682
2023-08-07 10:54:01.640006,2.4686912451614433
2023-08-07 10:54:01.670999,2.4706001520872296
2023-08-07 10:54:01.701996,2.475709319795289
2023-08-07 10:54:01.732997,2.4873127552643726
2023-08-07 10:54:01.764004,2.4932890752898547
2023-08-07 10:54:01.795020,2.4988669739803044
2023-08-07 10:54:01.826017,2.5006247151642698
2023-08-07 10:54:01.861980,2.502533622090056
2023-08-07 10:54:01.898006,2.5060795719718425
2023-08-07 10:54:01.933983,2.5029953221077115
2023-08-07 10:54:01.969956,2.497202978992817
2023-08-07 10:54:02.000997,2.4881787357543392
2023-08-07 10:54:02.031996,2.4765905340421837
2023-08-07 10:54:02.062992,2.4592638932781092
2023-08-07 10:54:02.093964,2.4490350114148867
2023-08-07 10:54:02.124995,2.4270515283407605
2023-08-07 10:54:02.155991,2.401736539809291
2023-08-07 10:54:02.187033,2.3810127712503397
2023-08-07 10:54:02.217999,2.374568892069923
2023-08-07 10:54:02.248991,2.403229447988206
2023-08-07 10:54:02.279989,2.4317177452704604
2023-08-07 10:54:02.310991,2.4403470826562743
2023-08-07 10:54:02.341989,2.451369291707193
2023-08-07 10:54:02.372962,2.45638002590895
2023-08-07 10:54:02.403958,2.460142763870092
2023-08-07 10:54:02.434958,2.46035603646708
2023-08-07 10:54:02.465959,2.4589826546886746
2023-08-07 10:54:02.496960,2.4544359641594844
2023-08-07 10:54:02.527962,2.450435345224779
2023-08-07 10:54:02.558958,2.449529522601309
2023-08-07 10:54:02.589955,2.446292935167901
2023-08-07 10:54:02.620959,2.445374222442415
2023-08-07 10:54:02.651966,2.4494416355421107
2023-08-07 10:54:02.682955,2.448839316229739
2023-08-07 10:54:02.713960,2.4508349383872674
2023-08-07 10:54:02.744955,2.4565100987565636
2023-08-07 10:54:02.775953,2.4614141966598266
2023-08-07 10:54:02.806953,2.4620891692744697
2023-08-07 10:54:02.837952,2.463872690662466
2023-08-07 10:54:02.868966,2.4661108811033823
2023-08-07 10:54:02.899952,2.464228926209083
2023-08-07 10:54:02.930919,2.463692229234246
2023-08-07 10:54:02.961951,2.4606349314016023
2023-08-07 10:54:02.992957,2.45140210287596
2023-08-07 10:54:03.023951,2.447565539785092
2023-08-07 10:54:03.054976,2.4422149756211016
2023-08-07 10:54:03.085980,2.442621599748325
2023-08-07 10:54:03.116983,2.448111611379577
2023-08-07 10:54:03.147948,2.4503251934439176
2023-08-07 10:54:03.178949,2.461035696391546
2023-08-07 10:54:03.209947,2.4739480631289554
2023-08-07 10:54:03.240949,2.4837914137591617
2023-08-07 10:54:03.271947,2.4852655726987805
2023-08-07 10:54:03.302946,2.487122919216504
2023-08-07 10:54:03.333946,2.485967497344911
2023-08-07 10:54:03.364954,2.481576659867365
2023-08-07 10:54:03.395960,2.4804071760663002
2023-08-07 10:54:03.426959,2.476721778717253
2023-08-07 10:54:03.457960,2.469620504334033
2023-08-07 10:54:03.488913,2.464196115040316
2023-08-07 10:54:03.519943,2.462792265748056
2023-08-07 10:54:03.550943,2.4588033650879106
2023-08-07 10:54:03.581949,2.4550066441305454
2023-08-07 10:54:03.612941,2.4512638272361547
2023-08-07 10:54:03.643941,2.451464209731127
2023-08-07 10:54:03.674943,2.4503650355774207
2023-08-07 10:54:03.705940,2.4534047559982244
2023-08-07 10:54:03.736945,2.4576737234203487
2023-08-07 10:54:03.767940,2.468707650745827
2023-08-07 10:54:03.798938,2.4761323495068965
2023-08-07 10:54:03.829967,2.4760514934124345
2023-08-07 10:54:03.860967,2.4744261687309943
2023-08-07 10:54:03.891937,2.4709317792572714
2023-08-07 10:54:03.922965,2.465985495565593
2023-08-07 10:54:03.953974,2.4602962732668248
2023-08-07 10:54:03.984972,2.4581412825752835
2023-08-07 10:54:04.015967,2.457024531009737
2023-08-07 10:54:04.046964,2.4555585748623106
2023-08-07 10:54:04.077964,2.454297688519679
2023-08-07 10:54:04.108967,2.454812120772853
2023-08-07 10:54:04.139961,2.4605107176912684
2023-08-07 10:54:04.170961,2.4627325025478006
2023-08-07 10:54:04.201955,2.463739102332485
2023-08-07 10:54:04.232958,2.4659081549534982
2023-08-07 10:54:04.263960,2.468961937303774
2023-08-07 10:54:04.294982,2.4684896908390153
2023-08-07 10:54:04.325949,2.466831554988808
2023-08-07 10:54:04.356954,2.466429618171408
2023-08-07 10:54:04.387931,2.4645652406889487
2023-08-07 10:54:04.418930,2.462515714468445
2023-08-07 10:54:04.449931,2.4601708877290354
2023-08-07 10:54:04.480903,2.458824457982118
2023-08-07 10:54:04.511935,2.4563038571243117
2023-08-07 10:54:04.542930,2.455382800743914
2023-08-07 10:54:04.573931,2.4561995644807295
2023-08-07 10:54:04.604930,2.458145969885107
2023-08-07 10:54:04.635930,2.457639740424125
2023-08-07 10:54:04.666926,2.4567186840437274
2023-08-07 10:54:04.697949,2.468758039326434
2023-08-07 10:54:04.728940,2.4712716092195044
2023-08-07 10:54:04.759940,2.4657030851487023
2023-08-07 10:54:04.790923,2.4633781794760443
2023-08-07 10:54:04.821923,2.4627746883362156
2023-08-07 10:54:04.852925,2.462662192900442
2023-08-07 10:54:04.883939,2.4611856903059115
2023-08-07 10:54:04.914937,2.461409509350003
2023-08-07 10:54:04.945936,2.461410681177459
2023-08-07 10:54:04.976923,2.4611669410666157
2023-08-07 10:54:05.007930,2.4611212397958324
2023-08-07 10:54:05.038923,2.46123842254143
2023-08-07 10:54:05.069929,2.4612091268550307
2023-08-07 10:54:05.100935,2.4609759331912917
2023-08-07 10:54:05.131906,2.460997026085499
2023-08-07 10:54:05.162939,2.4610427273562823
2023-08-07 10:54:05.193949,2.460994682430587
2023-08-07 10:54:05.224935,2.460808361865087
2023-08-07 10:54:05.255933,2.4609583557794514
2023-08-07 10:54:05.286936,2.4609689022265555
2023-08-07 10:54:05.317936,2.460943122022524
2023-08-07 10:54:05.348933,2.4608153928298226
2023-08-07 10:54:05.379921,2.4611294425880246
2023-08-07 10:54:05.410915,2.4610978032467132
2023-08-07 10:54:05.441914,2.4609665585716436
2023-08-07 10:54:05.472923,2.461002885222779
2023-08-07 10:54:05.503928,2.4610380400464584
2023-08-07 10:54:05.534929,2.460861094100606
2023-08-07 10:54:05.565877,2.460852891308414
2023-08-07 10:54:05.596906,2.4608739842026215
2023-08-07 10:54:05.627924,2.460850547653502
2023-08-07 10:54:05.658914,2.460917341818493
2023-08-07 10:54:05.689916,2.4610438991837382
2023-08-07 10:54:05.720919,2.460807190037631
2023-08-07 10:54:05.751927,2.460794299935615
2023-08-07 10:54:05.782909,2.460903279889021
2023-08-07 10:54:05.813961,2.460939606540156
2023-08-07 10:54:05.844962,2.461054445630842
2023-08-07 10:54:05.875936,2.4611142088310967
2023-08-07 10:54:05.906935,2.4610802258348734
2023-08-07 10:54:05.937945,2.46097358953638
2023-08-07 10:54:05.968910,2.461002885222779
2023-08-07 10:54:05.999941,2.4610931159368894
2023-08-07 10:54:06.030935,2.46095601212454
2023-08-07 10:54:06.061916,2.460903279889021
2023-08-07 10:54:06.092933,2.460937262885244
2023-08-07 10:54:06.123935,2.4605564189620517
2023-08-07 10:54:06.154906,2.462669223865178
2023-08-07 10:54:06.185933,2.458744773715112
2023-08-07 10:54:06.216931,2.462815702297175
2023-08-07 10:54:06.247935,2.4639066736586894
2023-08-07 10:54:06.278962,2.458865471943077
2023-08-07 10:54:06.309936,2.4626457873160588
2023-08-07 10:54:06.340953,2.4597419988801477
2023-08-07 10:54:06.371945,2.4624676695427503
2023-08-07 10:54:06.402942,2.4595193516635123
2023-08-07 10:54:06.433949,2.4623188474558413
2023-08-07 10:54:06.464947,2.4600185501597585
2023-08-07 10:54:06.495931,2.4612255324394146
2023-08-07 10:54:06.526951,2.4605798555111713
2023-08-07 10:54:06.557938,2.4615313794054243
2023-08-07 10:54:06.588899,2.460337287227784
2023-08-07 10:54:06.619935,2.461207955027575
2023-08-07 10:54:06.650948,2.46105210197593
2023-08-07 10:54:06.681933,2.461145848172408
2023-08-07 10:54:06.712941,2.461176315686264
2023-08-07 10:54:06.743936,2.4610696793877698
2023-08-07 10:54:06.774932,2.4610169471522503
2023-08-07 10:54:06.805929,2.4610720230426817
2023-08-07 10:54:06.836944,2.46125014081599
2023-08-07 10:54:06.867934,2.4608376575514863
2023-08-07 10:54:06.898902,2.460945465677436
2023-08-07 10:54:06.929926,2.4609337474028763
2023-08-07 10:54:06.960874,2.461059132940666
2023-08-07 10:54:06.991931,2.460852891308414
2023-08-07 10:54:07.022936,2.461141160862584
2023-08-07 10:54:07.053931,2.4609466375048923
2023-08-07 10:54:07.084935,2.4609888232933073
2023-08-07 10:54:07.115934,2.4609677303990996
2023-08-07 10:54:07.146922,2.461094287764345
2023-08-07 10:54:07.177902,2.4609314037479644
2023-08-07 10:54:07.208914,2.461145848172408
2023-08-07 10:54:07.239951,2.460989995120763
2023-08-07 10:54:07.270904,2.4611704565489836
2023-08-07 10:54:07.301881,2.4610708512152257
2023-08-07 10:54:07.332857,2.461259515435638
2023-08-07 10:54:07.363939,2.460940778367612
2023-08-07 10:54:07.394912,2.4611739720313515
2023-08-07 10:54:07.425903,2.4611833466509996
2023-08-07 10:54:07.456924,2.4611833466509996
2023-08-07 10:54:07.487915,2.4609700740540115
2023-08-07 10:54:07.518899,2.461161081929336
2023-08-07 10:54:07.549931,2.4611692847215276
2023-08-07 10:54:07.580930,2.4610849131446972
2023-08-07 10:54:07.611895,2.461192721270647
2023-08-07 10:54:07.642929,2.461210298682487
2023-08-07 10:54:07.673931,2.461107177866361
2023-08-07 10:54:07.704940,2.4611118651761847
2023-08-07 10:54:07.735898,2.4611317862429365
2023-08-07 10:54:07.766902,2.4611739720313515
2023-08-07 10:54:07.797954,2.4611892057882794
2023-08-07 10:54:07.828924,2.46115991010188
2023-08-07 10:54:07.859927,2.4610708512152257
2023-08-07 10:54:07.890895,2.4611235834507443
2023-08-07 10:54:07.921924,2.4610415555288263
2023-08-07 10:54:07.952918,2.461257171780726
2023-08-07 10:54:07.983916,2.46114819182732
2023-08-07 10:54:08.014831,2.4611692847215276
2023-08-07 10:54:08.045892,2.4611235834507443
2023-08-07 10:54:08.076850,2.460960699434364
2023-08-07 10:54:08.107910,2.460999369740411
2023-08-07 10:54:08.138913,2.4610649920779455
2023-08-07 10:54:08.169891,2.4610462428386497
2023-08-07 10:54:08.200916,2.4610263217718984
2023-08-07 10:54:08.231892,2.461014603497339
2023-08-07 10:54:08.262896,2.4609618712618198
2023-08-07 10:54:08.293855,2.460993510603131
2023-08-07 10:54:08.324860,2.460889217959549
2023-08-07 10:54:08.355866,2.460939606540156
2023-08-07 10:54:08.386838,2.4609138263361245
2023-08-07 10:54:08.417886,2.4608411730338537
2023-08-07 10:54:08.448887,2.4608751560300774
2023-08-07 10:54:08.479910,2.4609466375048923
2023-08-07 10:54:08.510905,2.460993510603131
2023-08-07 10:54:08.541881,2.4609466375048923
2023-08-07 10:54:08.572906,2.4610274935993544
2023-08-07 10:54:08.603903,2.4610263217718984
2023-08-07 10:54:08.634847,2.461035696391546
2023-08-07 10:54:08.665901,2.4608939052693732
2023-08-07 10:54:08.696898,2.4609278882655965
2023-08-07 10:54:08.727898,2.4609337474028763
2023-08-07 10:54:08.758904,2.460937262885244
2023-08-07 10:54:08.789923,2.4610790540074174
2023-08-07 10:54:08.820927,2.46097358953638
2023-08-07 10:54:08.851924,2.460945465677436
2023-08-07 10:54:08.882877,2.461033352736634
2023-08-07 10:54:08.913882,2.4608411730338537
2023-08-07 10:54:08.944925,2.460957183951996
2023-08-07 10:54:08.975905,2.4608716405477096
2023-08-07 10:54:09.006900,2.4608751560300774
2023-08-07 10:54:09.037904,2.460809533692543
2023-08-07 10:54:09.068899,2.461002885222779
2023-08-07 10:54:09.099932,2.4608177364847346
2023-08-07 10:54:09.130885,2.4608939052693732
2023-08-07 10:54:09.161916,2.460802502727807
2023-08-07 10:54:09.192854,2.4608552349633257
2023-08-07 10:54:09.223885,2.460847032171134
2023-08-07 10:54:09.254894,2.460994682430587
2023-08-07 10:54:09.285935,2.4608118773474543
2023-08-07 10:54:09.316950,2.4610192908071626
2023-08-07 10:54:09.347893,2.4607814098335994
2023-08-07 10:54:09.378889,2.460828282931838
2023-08-07 10:54:09.409892,2.46074625500992
2023-08-07 10:54:09.440889,2.460790784453247
2023-08-07 10:54:09.471891,2.4607732070414077
2023-08-07 10:54:09.502887,2.4607052410489607
2023-08-07 10:54:09.533890,2.4607802380061434
2023-08-07 10:54:09.564924,2.460693522774401
2023-08-07 10:54:09.595854,2.4606759453625613
2023-08-07 10:54:09.626907,2.460862265928062
2023-08-07 10:54:09.657887,2.4608189083121905
2023-08-07 10:54:09.688857,2.461047414666106
2023-08-07 10:54:09.719890,2.4608575786182376
2023-08-07 10:54:09.750928,2.4608810151673572
2023-08-07 10:54:09.781911,2.460852891308414
2023-08-07 10:54:09.812892,2.460882186994813
2023-08-07 10:54:09.843887,2.461055617458298
2023-08-07 10:54:09.874893,2.4608810151673572
2023-08-07 10:54:09.905894,2.4610380400464584
2023-08-07 10:54:09.936883,2.4609325755754203
2023-08-07 10:54:09.967890,2.461109521521273
2023-08-07 10:54:09.998881,2.461161081929336
2023-08-07 10:54:10.029876,2.4612313915766943
2023-08-07 10:54:10.060878,2.4610813976623294
2023-08-07 10:54:10.091879,2.4609583557794514
2023-08-07 10:54:10.122879,2.460715787496065
2023-08-07 10:54:10.153896,2.4609747613638353
2023-08-07 10:54:10.184873,2.460937262885244
2023-08-07 10:54:10.215813,2.460937262885244
2023-08-07 10:54:10.246829,2.461012259842427
2023-08-07 10:54:10.277848,2.4608997644066526
2023-08-07 10:54:10.308894,2.4608411730338537
2023-08-07 10:54:10.339891,2.4608739842026215
2023-08-07 10:54:10.370853,2.4610286654268103
2023-08-07 10:54:10.401890,2.4608939052693732
2023-08-07 10:54:10.432858,2.4608118773474543
2023-08-07 10:54:10.463888,2.46095601212454
2023-08-07 10:54:10.494893,2.4608189083121905
2023-08-07 10:54:10.525885,2.4608376575514863
2023-08-07 10:54:10.556892,2.4609618712618198
2023-08-07 10:54:10.587894,2.460939606540156
2023-08-07 10:54:10.618847,2.4608294547592946
2023-08-07 10:54:10.649839,2.46095601212454
2023-08-07 10:54:10.680837,2.460989995120763
2023-08-07 10:54:10.711875,2.460843516688766
2023-08-07 10:54:10.742857,2.460994682430587
2023-08-07 10:54:10.773860,2.4610040570502347
2023-08-07 10:54:10.804880,2.4610884286270656
2023-08-07 10:54:10.835857,2.4610310090817222
2023-08-07 10:54:10.866881,2.460903279889021
2023-08-07 10:54:10.897883,2.4609267164381405
2023-08-07 10:54:10.928859,2.460919685473405
2023-08-07 10:54:10.959879,2.4608692968927977
2023-08-07 10:54:10.990880,2.460943122022524
2023-08-07 10:54:11.021873,2.460947809332348
2023-08-07 10:54:11.052889,2.461059132940666
2023-08-07 10:54:11.083869,2.461106006038905
2023-08-07 10:54:11.114834,2.461061476595578
2023-08-07 10:54:11.145830,2.4611317862429365
2023-08-07 10:54:11.176862,2.4608810151673572
2023-08-07 10:54:11.207860,2.4608599222731495
2023-08-07 10:54:11.238862,2.460898592579197
2023-08-07 10:54:11.269861,2.4609653867441876
2023-08-07 10:54:11.300885,2.4607954717630713
2023-08-07 10:54:11.331862,2.4609864796383953
2023-08-07 10:54:11.362861,2.46095015298726
2023-08-07 10:54:11.393865,2.4610567892857538
2023-08-07 10:54:11.424856,2.460919685473405
2023-08-07 10:54:11.455860,2.4609583557794514
2023-08-07 10:54:11.486890,2.460900936234109
2023-08-07 10:54:11.517861,2.4610310090817222
2023-08-07 10:54:11.548854,2.4609630430892757
2023-08-07 10:54:11.579859,2.461109521521273
2023-08-07 10:54:11.610858,2.460952496642172
2023-08-07 10:54:11.641851,2.460904451716477
2023-08-07 10:54:11.672824,2.460870468720253
2023-08-07 10:54:11.703852,2.4610228062895305
2023-08-07 10:54:11.734852,2.460957183951996
2023-08-07 10:54:11.765871,2.4610884286270656
2023-08-07 10:54:11.796851,2.4609278882655965
2023-08-07 10:54:11.827882,2.460895077096829
2023-08-07 10:54:11.858882,2.4608013309003507
2023-08-07 10:54:11.889858,2.460789612625791
2023-08-07 10:54:11.920858,2.4607415677000963
2023-08-07 10:54:11.951862,2.4606243849544986
2023-08-07 10:54:11.982850,2.4607673479041274
2023-08-07 10:54:12.013860,2.46073453673536
2023-08-07 10:54:12.044852,2.4606489933310742
2023-08-07 10:54:12.075849,2.460803674555263
2023-08-07 10:54:12.106849,2.460755629629568
2023-08-07 10:54:12.137847,2.460790784453247
2023-08-07 10:54:12.168850,2.460800159072895
2023-08-07 10:54:12.199850,2.4607134438411524
2023-08-07 10:54:12.230872,2.4607579732844798
2023-08-07 10:54:12.261814,2.4609278882655965
2023-08-07 10:54:12.292842,2.461066163905402
2023-08-07 10:54:12.323836,2.461008744360059
2023-08-07 10:54:12.354867,2.46095601212454
2023-08-07 10:54:12.385871,2.46084234486131
2023-08-07 10:54:12.416879,2.460960699434364
2023-08-07 10:54:12.447846,2.460960699434364
2023-08-07 10:54:12.478823,2.4611470199998644
2023-08-07 10:54:12.509852,2.4610720230426817
2023-08-07 10:54:12.540833,2.460937262885244
2023-08-07 10:54:12.571814,2.461007572532603
2023-08-07 10:54:12.602831,2.460917341818493
2023-08-07 10:54:12.633837,2.460800159072895
2023-08-07 10:54:12.664821,2.4610603047681217
2023-08-07 10:54:12.695803,2.4608142210023667
2023-08-07 10:54:12.726808,2.4608657814104298
2023-08-07 10:54:12.757825,2.460828282931838
2023-08-07 10:54:12.788796,2.4609103108537567
2023-08-07 10:54:12.819822,2.4607052410489607
2023-08-07 10:54:12.850801,2.460997026085499
2023-08-07 10:54:12.881767,2.46012284280334
2023-08-07 10:54:12.912759,2.4625637593941403
2023-08-07 10:54:12.943804,2.459525210800792
2023-08-07 10:54:12.974791,2.460895077096829
2023-08-07 10:54:13.005801,2.4606138385073946
2023-08-07 10:54:13.036846,2.4592299102818855
2023-08-07 10:54:13.067841,2.462069248207718
2023-08-07 10:54:13.098868,2.4600665950854532
2023-08-07 10:54:13.129863,2.4613286532555403
2023-08-07 10:54:13.160866,2.459984567163535
2023-08-07 10:54:13.191844,2.4615770806762076
2023-08-07 10:54:13.222844,2.4600958907718526
2023-08-07 10:54:13.253815,2.4612255324394146
2023-08-07 10:54:13.284817,2.4605810273386273
2023-08-07 10:54:13.315806,2.461203267717751
2023-08-07 10:54:13.346806,2.460552903479684
2023-08-07 10:54:13.377807,2.461254828125814
2023-08-07 10:54:13.408777,2.460733364907904
2023-08-07 10:54:13.439813,2.4611364735527603
2023-08-07 10:54:13.470817,2.4608575786182376
2023-08-07 10:54:13.501783,2.460852891308414
2023-08-07 10:54:13.532813,2.4608388293789423
2023-08-07 10:54:13.563833,2.4609325755754203
2023-08-07 10:54:13.594757,2.460766176076672
2023-08-07 10:54:13.625828,2.460809533692543
2023-08-07 10:54:13.656831,2.460936091057788
2023-08-07 10:54:13.687820,2.4610380400464584
2023-08-07 10:54:13.718843,2.460952496642172
2023-08-07 10:54:13.749850,2.461061476595578
2023-08-07 10:54:13.780807,2.4609677303990996
2023-08-07 10:54:13.811827,2.4608774996849894
2023-08-07 10:54:13.842835,2.460850547653502
2023-08-07 10:54:13.873830,2.460991166948219
2023-08-07 10:54:13.904828,2.4607767225237756
2023-08-07 10:54:13.935800,2.460862265928062
2023-08-07 10:54:13.966825,2.460766176076672
2023-08-07 10:54:13.997840,2.4607849253159673
2023-08-07 10:54:14.028844,2.4610438991837382
2023-08-07 10:54:14.059828,2.4609419501950685
2023-08-07 10:54:14.090833,2.460889217959549
2023-08-07 10:54:14.121839,2.4608118773474543
2023-08-07 10:54:14.152823,2.461761057586796
2023-08-07 10:54:14.183816,2.4609138263361245
2023-08-07 10:54:14.214823,2.4607696915590394
2023-08-07 10:54:14.245816,2.4608341420691184
2023-08-07 10:54:14.276816,2.4615196611308647
2023-08-07 10:54:14.307785,2.4605904019582754
2023-08-07 10:54:14.338816,2.4614798189973617
2023-08-07 10:54:14.369817,2.4606525088134417
2023-08-07 10:54:14.400817,2.461451695138418
2023-08-07 10:54:14.431818,2.460529466930564
2023-08-07 10:54:14.462823,2.4611294425880246
2023-08-07 10:54:14.493824,2.4605599344444196
2023-08-07 10:54:14.524817,2.4613403715301003
2023-08-07 10:54:14.555835,2.460619697644675
2023-08-07 10:54:14.586819,2.46095601212454
2023-08-07 10:54:14.617785,2.460847032171134
2023-08-07 10:54:14.648835,2.460989995120763
2023-08-07 10:54:14.679827,2.460585714648451
2023-08-07 10:54:14.710813,2.4608177364847346
2023-08-07 10:54:14.741823,2.4608657814104298
2023-08-07 10:54:14.772826,2.4609278882655965
2023-08-07 10:54:14.803793,2.4608317984142065
2023-08-07 10:54:14.834819,2.4607673479041274
2023-08-07 10:54:14.865820,2.4608599222731495
2023-08-07 10:54:14.896826,2.4607860971434232
2023-08-07 10:54:14.927816,2.4608575786182376
2023-08-07 10:54:14.958800,2.4608294547592946
2023-08-07 10:54:14.989823,2.460856406790782
2023-08-07 10:54:15.020795,2.460900936234109
2023-08-07 10:54:15.051842,2.4610239781169865
2023-08-07 10:54:15.082765,2.4607732070414077
2023-08-07 10:54:15.113760,2.46097358953638
2023-08-07 10:54:15.144827,2.4609337474028763
2023-08-07 10:54:15.175820,2.4610321809091786
2023-08-07 10:54:15.206817,2.4610427273562823
2023-08-07 10:54:15.237833,2.461066163905402
2023-08-07 10:54:15.268816,2.4607673479041274
2023-08-07 10:54:15.299817,2.461009916187515
2023-08-07 10:54:15.330791,2.460957183951996
2023-08-07 10:54:15.361809,2.460851719480958
2023-08-07 10:54:15.392854,2.4609103108537567
2023-08-07 10:54:15.423809,2.4609185136459484
2023-08-07 10:54:15.454838,2.460852891308414
2023-08-07 10:54:15.485818,2.460850547653502
2023-08-07 10:54:15.516816,2.4609278882655965
2023-08-07 10:54:15.547781,2.4608189083121905
2023-08-07 10:54:15.578788,2.460989995120763
2023-08-07 10:54:15.609788,2.4608716405477096
2023-08-07 10:54:15.640781,2.4611845184784555
2023-08-07 10:54:15.671805,2.460693522774401
2023-08-07 10:54:15.702825,2.4609267164381405
2023-08-07 10:54:15.733814,2.4608739842026215
2023-08-07 10:54:15.764819,2.460971245881468
2023-08-07 10:54:15.795795,2.460707584703873
2023-08-07 10:54:15.826811,2.460905623543933
2023-08-07 10:54:15.857819,2.4608716405477096
2023-08-07 10:54:15.888811,2.4609677303990996
2023-08-07 10:54:15.919817,2.460903279889021
2023-08-07 10:54:15.950766,2.4609841359834834
2023-08-07 10:54:15.981776,2.4609185136459484
2023-08-07 10:54:16.012738,2.460912654508669
2023-08-07 10:54:16.043802,2.46097358953638
2023-08-07 10:54:16.074807,2.460945465677436
2023-08-07 10:54:16.105810,2.461086084972153
2023-08-07 10:54:16.136773,2.4610931159368894
2023-08-07 10:54:16.167800,2.460999369740411
2023-08-07 10:54:16.198796,2.460808361865087
2023-08-07 10:54:16.229786,2.4609384347127
2023-08-07 10:54:16.260785,2.4609220291283167
2023-08-07 10:54:16.291786,2.460856406790782
2023-08-07 10:54:16.322785,2.4610403837013703
2023-08-07 10:54:16.353794,2.4608130491749107
2023-08-07 10:54:16.384785,2.460850547653502
2023-08-07 10:54:16.415760,2.4609267164381405
2023-08-07 10:54:16.446797,2.4610286654268103
2023-08-07 10:54:16.477764,2.4610743666975936
2023-08-07 10:54:16.508785,2.4611270989331127
2023-08-07 10:54:16.539755,2.460943122022524
2023-08-07 10:54:16.570733,2.4610802258348734
2023-08-07 10:54:16.601726,2.461102490556537
2023-08-07 10:54:16.632765,2.461009916187515
2023-08-07 10:54:16.663785,2.4609630430892757
2023-08-07 10:54:16.694779,2.4609864796383953
2023-08-07 10:54:16.725782,2.4610954595918013
2023-08-07 10:54:16.756783,2.460850547653502
2023-08-07 10:54:16.787785,2.4611903776157353
2023-08-07 10:54:16.818783,2.460889217959549
2023-08-07 10:54:16.849793,2.4610192908071626
2023-08-07 10:54:16.880780,2.4610286654268103
2023-08-07 10:54:16.911782,2.461217329647223
2023-08-07 10:54:16.942781,2.460999369740411
2023-08-07 10:54:16.973711,2.4610626484230336
2023-08-07 10:54:17.004816,2.4611845184784555
2023-08-07 10:54:17.035775,2.461109521521273
2023-08-07 10:54:17.066783,2.461122411623289
2023-08-07 10:54:17.097809,2.461217329647223
2023-08-07 10:54:17.128762,2.461145848172408
2023-08-07 10:54:17.159777,2.461157566446968
2023-08-07 10:54:17.190795,2.4610849131446972
2023-08-07 10:54:17.221754,2.4610567892857538
2023-08-07 10:54:17.252747,2.461109521521273
2023-08-07 10:54:17.283773,2.461100146901625
2023-08-07 10:54:17.314771,2.4610802258348734
2023-08-07 10:54:17.345778,2.4610263217718984
2023-08-07 10:54:17.376778,2.460852891308414
2023-08-07 10:54:17.407795,2.4608798433399013
2023-08-07 10:54:17.438781,2.4610438991837382
2023-08-07 10:54:17.469774,2.4609817923285715
2023-08-07 10:54:17.500789,2.4610790540074174
2023-08-07 10:54:17.531778,2.4610767103525055
2023-08-07 10:54:17.562793,2.4611270989331127
2023-08-07 10:54:17.593761,2.461005228877691
2023-08-07 10:54:17.624752,2.4611634255842474
2023-08-07 10:54:17.655746,2.4610005415678673
2023-08-07 10:54:17.686742,2.461195064925559
2023-08-07 10:54:17.717749,2.4610884286270656
2023-08-07 10:54:17.748736,2.4611376453802163
2023-08-07 10:54:17.779688,2.4610286654268103
2023-08-07 10:54:17.810748,2.461005228877691
2023-08-07 10:54:17.841743,2.460919685473405
2023-08-07 10:54:17.872738,2.4609853078109394
2023-08-07 10:54:17.903734,2.4608833588222696
2023-08-07 10:54:17.934753,2.461102490556537
2023-08-07 10:54:17.965732,2.460989995120763
2023-08-07 10:54:17.996737,2.4611235834507443
2023-08-07 10:54:18.027700,2.461089600454521
2023-08-07 10:54:18.058733,2.4611798311686313
2023-08-07 10:54:18.089733,2.460989995120763
2023-08-07 10:54:18.120729,2.461067335732858
2023-08-07 10:54:18.151736,2.4609091390263007
2023-08-07 10:54:18.182735,2.461002885222779
2023-08-07 10:54:18.213713,2.4609782768462036
2023-08-07 10:54:18.244731,2.4611165524860086
2023-08-07 10:54:18.275671,2.4611165524860086
2023-08-07 10:54:18.306667,2.460989995120763
2023-08-07 10:54:18.337656,2.460998197912955
2023-08-07 10:54:18.368742,2.4610720230426817
2023-08-07 10:54:18.399667,2.4610321809091786
2023-08-07 10:54:18.430669,2.4609583557794514
2023-08-07 10:54:18.461729,2.4611880339608234
2023-08-07 10:54:18.492740,2.4608810151673572
2023-08-07 10:54:18.523725,2.4610849131446972
2023-08-07 10:54:18.554698,2.4608939052693732
2023-08-07 10:54:18.585728,2.4611294425880246
